﻿<?xml version="1.0" encoding="utf-8"?>
<abapGit version="v1.0.0" serializer="LCL_OBJECT_ENQU" serializer_version="v1.0.0">
 <asx:abap xmlns:asx="http://www.sap.com/abapxml" version="1.0">
  <asx:values>
   <DD25V>
    <VIEWNAME>EZTXX_WF_FLOW</VIEWNAME>
    <AS4LOCAL>A</AS4LOCAL>
    <DDLANGUAGE>1</DDLANGUAGE>
    <AGGTYPE>E</AGGTYPE>
    <ROOTTAB>ZTXX_WF_FLOW</ROOTTAB>
    <DDTEXT>审批流锁对象</DDTEXT>
   </DD25V>
   <DD26E_TABLE>
    <DD26E>
     <VIEWNAME>EZTXX_WF_FLOW</VIEWNAME>
     <TABNAME>ZTXX_WF_FLOW</TABNAME>
     <TABPOS>0001</TABPOS>
     <FORTABNAME>ZTXX_WF_FLOW</FORTABNAME>
     <ENQMODE>E</ENQMODE>
    </DD26E>
   </DD26E_TABLE>
   <DD27P_TABLE>
    <DD27P>
     <VIEWNAME>EZTXX_WF_FLOW</VIEWNAME>
     <OBJPOS>0001</OBJPOS>
     <DDLANGUAGE>1</DDLANGUAGE>
     <VIEWFIELD>MANDT</VIEWFIELD>
     <TABNAME>ZTXX_WF_FLOW</TABNAME>
     <FIELDNAME>MANDT</FIELDNAME>
     <KEYFLAG>X</KEYFLAG>
     <ROLLNAME>MANDT</ROLLNAME>
     <ROLLNAMEVI>MANDT</ROLLNAMEVI>
     <ENQMODE>E</ENQMODE>
     <DOMNAME>MANDT</DOMNAME>
     <DATATYPE>CLNT</DATATYPE>
     <FLENGTH>000003</FLENGTH>
     <ENTITYTAB>T000</ENTITYTAB>
     <INTTYPE>C</INTTYPE>
     <INTLEN>000006</INTLEN>
     <HEADLEN>03</HEADLEN>
     <SCRLEN1>10</SCRLEN1>
     <SCRLEN2>15</SCRLEN2>
     <SCRLEN3>20</SCRLEN3>
     <OUTPUTLEN>000003</OUTPUTLEN>
     <DDTEXT>集团</DDTEXT>
     <REPTEXT>类</REPTEXT>
     <SCRTEXT_S>集团</SCRTEXT_S>
     <SCRTEXT_M>集团</SCRTEXT_M>
     <SCRTEXT_L>集团</SCRTEXT_L>
    </DD27P>
    <DD27P>
     <VIEWNAME>EZTXX_WF_FLOW</VIEWNAME>
     <OBJPOS>0002</OBJPOS>
     <DDLANGUAGE>1</DDLANGUAGE>
     <VIEWFIELD>FLOW_GUID</VIEWFIELD>
     <TABNAME>ZTXX_WF_FLOW</TABNAME>
     <FIELDNAME>FLOW_GUID</FIELDNAME>
     <KEYFLAG>X</KEYFLAG>
     <ROLLNAME>ZFLOW_GUID_WF</ROLLNAME>
     <ROLLNAMEVI>ZFLOW_GUID_WF</ROLLNAMEVI>
     <ENQMODE>E</ENQMODE>
     <DOMNAME>ZFLOW_GUID_WF</DOMNAME>
     <DATATYPE>CHAR</DATATYPE>
     <FLENGTH>000032</FLENGTH>
     <INTTYPE>C</INTTYPE>
     <INTLEN>000064</INTLEN>
     <HEADLEN>32</HEADLEN>
     <SCRLEN1>10</SCRLEN1>
     <SCRLEN2>20</SCRLEN2>
     <SCRLEN3>32</SCRLEN3>
     <OUTPUTLEN>000032</OUTPUTLEN>
     <DDTEXT>flow唯一标识</DDTEXT>
     <REPTEXT>flow唯一标识</REPTEXT>
     <SCRTEXT_S>flow唯一标识</SCRTEXT_S>
     <SCRTEXT_M>flow唯一标识</SCRTEXT_M>
     <SCRTEXT_L>flow唯一标识</SCRTEXT_L>
    </DD27P>
   </DD27P_TABLE>
  </asx:values>
 </asx:abap>
</abapGit>
