﻿<?xml version="1.0" encoding="utf-8"?>
<abapGit version="v1.0.0" serializer="LCL_OBJECT_DTEL" serializer_version="v1.0.0">
 <asx:abap xmlns:asx="http://www.sap.com/abapxml" version="1.0">
  <asx:values>
   <DD04V>
    <ROLLNAME>ZLEBEG</ROLLNAME>
    <DDLANGUAGE>1</DDLANGUAGE>
    <HEADLEN>10</HEADLEN>
    <SCRLEN1>10</SCRLEN1>
    <SCRLEN2>20</SCRLEN2>
    <SCRLEN3>40</SCRLEN3>
    <DDTEXT>休假开始</DDTEXT>
    <REPTEXT>休假开始</REPTEXT>
    <SCRTEXT_S>休假开始</SCRTEXT_S>
    <SCRTEXT_M>休假开始</SCRTEXT_M>
    <SCRTEXT_L>休假开始</SCRTEXT_L>
    <DTELMASTER>1</DTELMASTER>
    <DATATYPE>DATS</DATATYPE>
    <LENG>000008</LENG>
    <OUTPUTLEN>000010</OUTPUTLEN>
   </DD04V>
  </asx:values>
 </asx:abap>
</abapGit>
