﻿<?xml version="1.0" encoding="utf-8"?>
<abapGit version="v1.0.0" serializer="LCL_OBJECT_TABL" serializer_version="v1.0.0">
 <asx:abap xmlns:asx="http://www.sap.com/abapxml" version="1.0">
  <asx:values>
   <DD02V>
    <TABNAME>ZSXXWFDEMOVBAK</TABNAME>
    <DDLANGUAGE>1</DDLANGUAGE>
    <TABCLASS>INTTAB</TABCLASS>
    <DDTEXT>工作流用合同抬头DEMO</DDTEXT>
   </DD02V>
   <DD03P_TABLE>
    <DD03P>
     <TABNAME>ZSXXWFDEMOVBAK</TABNAME>
     <FIELDNAME>VBELN</FIELDNAME>
     <POSITION>0001</POSITION>
     <ROLLNAME>VBELN_VA</ROLLNAME>
     <ADMINFIELD>0</ADMINFIELD>
     <COMPTYPE>E</COMPTYPE>
    </DD03P>
    <DD03P>
     <TABNAME>ZSXXWFDEMOVBAK</TABNAME>
     <FIELDNAME>ERDAT</FIELDNAME>
     <POSITION>0002</POSITION>
     <ROLLNAME>ERDAT</ROLLNAME>
     <ADMINFIELD>0</ADMINFIELD>
     <SHLPORIGIN>T</SHLPORIGIN>
     <COMPTYPE>E</COMPTYPE>
    </DD03P>
    <DD03P>
     <TABNAME>ZSXXWFDEMOVBAK</TABNAME>
     <FIELDNAME>AUART</FIELDNAME>
     <POSITION>0003</POSITION>
     <ROLLNAME>AUART</ROLLNAME>
     <ADMINFIELD>0</ADMINFIELD>
     <COMPTYPE>E</COMPTYPE>
    </DD03P>
    <DD03P>
     <TABNAME>ZSXXWFDEMOVBAK</TABNAME>
     <FIELDNAME>KUNNR</FIELDNAME>
     <POSITION>0004</POSITION>
     <ROLLNAME>KUNAG</ROLLNAME>
     <ADMINFIELD>0</ADMINFIELD>
     <COMPTYPE>E</COMPTYPE>
    </DD03P>
    <DD03P>
     <TABNAME>ZSXXWFDEMOVBAK</TABNAME>
     <FIELDNAME>NETWR</FIELDNAME>
     <POSITION>0005</POSITION>
     <ROLLNAME>NETWR_AK</ROLLNAME>
     <ADMINFIELD>0</ADMINFIELD>
     <REFTABLE>ZSXXWFDEMOVBAK</REFTABLE>
     <REFFIELD>WAERK</REFFIELD>
     <COMPTYPE>E</COMPTYPE>
    </DD03P>
    <DD03P>
     <TABNAME>ZSXXWFDEMOVBAK</TABNAME>
     <FIELDNAME>WAERK</FIELDNAME>
     <POSITION>0006</POSITION>
     <ROLLNAME>WAERK</ROLLNAME>
     <ADMINFIELD>0</ADMINFIELD>
     <COMPTYPE>E</COMPTYPE>
    </DD03P>
   </DD03P_TABLE>
  </asx:values>
 </asx:abap>
</abapGit>
