﻿<?xml version="1.0" encoding="utf-8"?>
<abapGit version="v1.0.0" serializer="LCL_OBJECT_TABL" serializer_version="v1.0.0">
 <asx:abap xmlns:asx="http://www.sap.com/abapxml" version="1.0">
  <asx:values>
   <DD02V>
    <TABNAME>ZSXXWFDEMOVBAP</TABNAME>
    <DDLANGUAGE>1</DDLANGUAGE>
    <TABCLASS>INTTAB</TABCLASS>
    <DDTEXT>工作流用合同行项目DEMO</DDTEXT>
   </DD02V>
   <DD03P_TABLE>
    <DD03P>
     <TABNAME>ZSXXWFDEMOVBAP</TABNAME>
     <FIELDNAME>ARKTX</FIELDNAME>
     <POSITION>0001</POSITION>
     <ROLLNAME>ARKTX</ROLLNAME>
     <ADMINFIELD>0</ADMINFIELD>
     <COMPTYPE>E</COMPTYPE>
    </DD03P>
    <DD03P>
     <TABNAME>ZSXXWFDEMOVBAP</TABNAME>
     <FIELDNAME>POSNR</FIELDNAME>
     <POSITION>0002</POSITION>
     <ROLLNAME>POSNR_VA</ROLLNAME>
     <ADMINFIELD>0</ADMINFIELD>
     <COMPTYPE>E</COMPTYPE>
    </DD03P>
    <DD03P>
     <TABNAME>ZSXXWFDEMOVBAP</TABNAME>
     <FIELDNAME>MATNR</FIELDNAME>
     <POSITION>0003</POSITION>
     <ROLLNAME>MATNR</ROLLNAME>
     <ADMINFIELD>0</ADMINFIELD>
     <SHLPORIGIN>D</SHLPORIGIN>
     <COMPTYPE>E</COMPTYPE>
    </DD03P>
    <DD03P>
     <TABNAME>ZSXXWFDEMOVBAP</TABNAME>
     <FIELDNAME>KWMENG</FIELDNAME>
     <POSITION>0004</POSITION>
     <ROLLNAME>KWMENG</ROLLNAME>
     <ADMINFIELD>0</ADMINFIELD>
     <REFTABLE>ZSXXWFDEMOVBAP</REFTABLE>
     <REFFIELD>VRKME</REFFIELD>
     <COMPTYPE>E</COMPTYPE>
    </DD03P>
    <DD03P>
     <TABNAME>ZSXXWFDEMOVBAP</TABNAME>
     <FIELDNAME>VRKME</FIELDNAME>
     <POSITION>0005</POSITION>
     <ROLLNAME>VRKME</ROLLNAME>
     <ADMINFIELD>0</ADMINFIELD>
     <COMPTYPE>E</COMPTYPE>
    </DD03P>
    <DD03P>
     <TABNAME>ZSXXWFDEMOVBAP</TABNAME>
     <FIELDNAME>NETWR</FIELDNAME>
     <POSITION>0006</POSITION>
     <ROLLNAME>NETWR_AP</ROLLNAME>
     <ADMINFIELD>0</ADMINFIELD>
     <REFTABLE>ZSXXWFDEMOVBAP</REFTABLE>
     <REFFIELD>WAERK</REFFIELD>
     <COMPTYPE>E</COMPTYPE>
    </DD03P>
    <DD03P>
     <TABNAME>ZSXXWFDEMOVBAP</TABNAME>
     <FIELDNAME>WAERK</FIELDNAME>
     <POSITION>0007</POSITION>
     <ROLLNAME>WAERK</ROLLNAME>
     <ADMINFIELD>0</ADMINFIELD>
     <COMPTYPE>E</COMPTYPE>
    </DD03P>
   </DD03P_TABLE>
  </asx:values>
 </asx:abap>
</abapGit>
