﻿<?xml version="1.0" encoding="utf-8"?>
<abapGit version="v1.0.0" serializer="LCL_OBJECT_TABL" serializer_version="v1.0.0">
 <asx:abap xmlns:asx="http://www.sap.com/abapxml" version="1.0">
  <asx:values>
   <DD02V>
    <TABNAME>ZTXX_WF_LEAVE</TABNAME>
    <DDLANGUAGE>1</DDLANGUAGE>
    <TABCLASS>TRANSP</TABCLASS>
    <CLIDEP>X</CLIDEP>
    <DDTEXT>工作流DEMO-休假申请表</DDTEXT>
    <MAINFLAG>X</MAINFLAG>
    <CONTFLAG>A</CONTFLAG>
   </DD02V>
   <DD09L>
    <TABNAME>ZTXX_WF_LEAVE</TABNAME>
    <AS4LOCAL>A</AS4LOCAL>
    <TABKAT>9</TABKAT>
    <TABART>APPL0</TABART>
    <BUFALLOW>A</BUFALLOW>
    <ROWORCOLST>C</ROWORCOLST>
   </DD09L>
   <DD03P_TABLE>
    <DD03P>
     <TABNAME>ZTXX_WF_LEAVE</TABNAME>
     <FIELDNAME>MANDT</FIELDNAME>
     <POSITION>0001</POSITION>
     <KEYFLAG>X</KEYFLAG>
     <ROLLNAME>MANDT</ROLLNAME>
     <ADMINFIELD>0</ADMINFIELD>
     <NOTNULL>X</NOTNULL>
     <COMPTYPE>E</COMPTYPE>
    </DD03P>
    <DD03P>
     <TABNAME>ZTXX_WF_LEAVE</TABNAME>
     <FIELDNAME>LENUM</FIELDNAME>
     <POSITION>0002</POSITION>
     <KEYFLAG>X</KEYFLAG>
     <ROLLNAME>ZLENUM</ROLLNAME>
     <ADMINFIELD>0</ADMINFIELD>
     <NOTNULL>X</NOTNULL>
     <COMPTYPE>E</COMPTYPE>
    </DD03P>
    <DD03P>
     <TABNAME>ZTXX_WF_LEAVE</TABNAME>
     <FIELDNAME>TPL_NO</FIELDNAME>
     <POSITION>0003</POSITION>
     <ROLLNAME>ZTPL_NO</ROLLNAME>
     <ADMINFIELD>0</ADMINFIELD>
     <COMPTYPE>E</COMPTYPE>
    </DD03P>
    <DD03P>
     <TABNAME>ZTXX_WF_LEAVE</TABNAME>
     <FIELDNAME>FLOW_NO</FIELDNAME>
     <POSITION>0004</POSITION>
     <ROLLNAME>ZFLOW_NO_WF</ROLLNAME>
     <ADMINFIELD>0</ADMINFIELD>
     <COMPTYPE>E</COMPTYPE>
    </DD03P>
    <DD03P>
     <TABNAME>ZTXX_WF_LEAVE</TABNAME>
     <FIELDNAME>FLOW_GUID</FIELDNAME>
     <POSITION>0005</POSITION>
     <ROLLNAME>ZFLOW_GUID_WF</ROLLNAME>
     <ADMINFIELD>0</ADMINFIELD>
     <COMPTYPE>E</COMPTYPE>
    </DD03P>
    <DD03P>
     <TABNAME>ZTXX_WF_LEAVE</TABNAME>
     <FIELDNAME>PERNR</FIELDNAME>
     <POSITION>0006</POSITION>
     <ROLLNAME>PERSNO</ROLLNAME>
     <ADMINFIELD>0</ADMINFIELD>
     <COMPTYPE>E</COMPTYPE>
    </DD03P>
    <DD03P>
     <TABNAME>ZTXX_WF_LEAVE</TABNAME>
     <FIELDNAME>LEBEG</FIELDNAME>
     <POSITION>0007</POSITION>
     <ROLLNAME>ZLEBEG</ROLLNAME>
     <ADMINFIELD>0</ADMINFIELD>
     <SHLPORIGIN>T</SHLPORIGIN>
     <COMPTYPE>E</COMPTYPE>
    </DD03P>
    <DD03P>
     <TABNAME>ZTXX_WF_LEAVE</TABNAME>
     <FIELDNAME>LEDAYS</FIELDNAME>
     <POSITION>0008</POSITION>
     <ROLLNAME>ZLEDAYS</ROLLNAME>
     <ADMINFIELD>0</ADMINFIELD>
     <COMPTYPE>E</COMPTYPE>
    </DD03P>
    <DD03P>
     <TABNAME>ZTXX_WF_LEAVE</TABNAME>
     <FIELDNAME>LETXT</FIELDNAME>
     <POSITION>0009</POSITION>
     <ROLLNAME>ZLETXT</ROLLNAME>
     <ADMINFIELD>0</ADMINFIELD>
     <COMPTYPE>E</COMPTYPE>
    </DD03P>
    <DD03P>
     <TABNAME>ZTXX_WF_LEAVE</TABNAME>
     <FIELDNAME>ERDAT</FIELDNAME>
     <POSITION>0010</POSITION>
     <ROLLNAME>ERDAT</ROLLNAME>
     <ADMINFIELD>0</ADMINFIELD>
     <SHLPORIGIN>T</SHLPORIGIN>
     <COMPTYPE>E</COMPTYPE>
    </DD03P>
    <DD03P>
     <TABNAME>ZTXX_WF_LEAVE</TABNAME>
     <FIELDNAME>ERZET</FIELDNAME>
     <POSITION>0011</POSITION>
     <ROLLNAME>ERZET</ROLLNAME>
     <ADMINFIELD>0</ADMINFIELD>
     <SHLPORIGIN>T</SHLPORIGIN>
     <COMPTYPE>E</COMPTYPE>
    </DD03P>
    <DD03P>
     <TABNAME>ZTXX_WF_LEAVE</TABNAME>
     <FIELDNAME>ERNAM</FIELDNAME>
     <POSITION>0012</POSITION>
     <ROLLNAME>ERNAM</ROLLNAME>
     <ADMINFIELD>0</ADMINFIELD>
     <COMPTYPE>E</COMPTYPE>
    </DD03P>
    <DD03P>
     <TABNAME>ZTXX_WF_LEAVE</TABNAME>
     <FIELDNAME>STATUS</FIELDNAME>
     <POSITION>0013</POSITION>
     <ROLLNAME>ZSTATUS_WF</ROLLNAME>
     <ADMINFIELD>0</ADMINFIELD>
     <COMPTYPE>E</COMPTYPE>
    </DD03P>
   </DD03P_TABLE>
  </asx:values>
 </asx:abap>
</abapGit>
