﻿<?xml version="1.0" encoding="utf-8"?>
<abapGit version="v1.0.0" serializer="LCL_OBJECT_FUGR" serializer_version="v1.0.0">
 <asx:abap xmlns:asx="http://www.sap.com/abapxml" version="1.0">
  <asx:values>
   <AREAT>工作流增强应用示例</AREAT>
   <INCLUDES>
    <SOBJ_NAME>LZXX_WFDEMOF01</SOBJ_NAME>
    <SOBJ_NAME>LZXX_WFDEMOTOP</SOBJ_NAME>
    <SOBJ_NAME>SAPLZXX_WFDEMO</SOBJ_NAME>
   </INCLUDES>
   <FUNCTIONS>
    <item>
     <FUNCNAME>ZXX_WFDEMO_READ_SALESORDER</FUNCNAME>
     <SHORT_TEXT>工作流用业务内容读取-销售订单</SHORT_TEXT>
     <IMPORT>
      <RSIMP>
       <PARAMETER>I_REF_NO</PARAMETER>
       <OPTIONAL>X</OPTIONAL>
       <TYP>ZTXX_WF_FLOW-FLOW_NO</TYP>
      </RSIMP>
      <RSIMP>
       <PARAMETER>I_REF_DOCTYPE</PARAMETER>
       <OPTIONAL>X</OPTIONAL>
       <TYP>ZTXX_WF_FLOW-FLOW_REL_DOCTYPE</TYP>
      </RSIMP>
      <RSIMP>
       <PARAMETER>I_REF_DOCNO</PARAMETER>
       <OPTIONAL>X</OPTIONAL>
       <TYP>ZTXX_WF_FLOW-FLOW_REL_DOCNO</TYP>
      </RSIMP>
     </IMPORT>
     <EXPORT>
      <RSEXP>
       <PARAMETER>E_CONTENT</PARAMETER>
       <REFERENCE>X</REFERENCE>
       <TYP>ZSXX_CONTENT_EXPORT</TYP>
      </RSEXP>
     </EXPORT>
     <TABLES>
      <RSTBL>
       <PARAMETER>T_MESSAGES</PARAMETER>
       <DBSTRUCT>BAPIRET2</DBSTRUCT>
      </RSTBL>
     </TABLES>
     <DOCUMENTATION>
      <RSFDO>
       <PARAMETER>I_REF_NO</PARAMETER>
       <KIND>P</KIND>
       <STEXT>审批流程编号</STEXT>
       <INDEX> 001</INDEX>
      </RSFDO>
      <RSFDO>
       <PARAMETER>I_REF_DOCTYPE</PARAMETER>
       <KIND>P</KIND>
       <STEXT>关联文档类型</STEXT>
       <INDEX> 002</INDEX>
      </RSFDO>
      <RSFDO>
       <PARAMETER>I_REF_DOCNO</PARAMETER>
       <KIND>P</KIND>
       <STEXT>关联文档号码</STEXT>
       <INDEX> 003</INDEX>
      </RSFDO>
      <RSFDO>
       <PARAMETER>E_CONTENT</PARAMETER>
       <KIND>P</KIND>
       <STEXT>业务内容</STEXT>
       <INDEX> 004</INDEX>
      </RSFDO>
      <RSFDO>
       <PARAMETER>T_MESSAGES</PARAMETER>
       <KIND>P</KIND>
       <STEXT>返回参数</STEXT>
       <INDEX> 005</INDEX>
      </RSFDO>
     </DOCUMENTATION>
    </item>
    <item>
     <FUNCNAME>ZXX_WFDEMO_SUBSALES</FUNCNAME>
     <REMOTE_CALL>R</REMOTE_CALL>
     <SHORT_TEXT>HCM 工作流员工调配-审批流触发</SHORT_TEXT>
     <IMPORT>
      <RSIMP>
       <PARAMETER>I_ZSXXWFDEMOVBAK</PARAMETER>
       <OPTIONAL>X</OPTIONAL>
       <TYP>ZSXXWFDEMOVBAK</TYP>
      </RSIMP>
      <RSIMP>
       <PARAMETER>I_ZTTXXWFDEMOVBAP</PARAMETER>
       <OPTIONAL>X</OPTIONAL>
       <TYP>ZTTXXWFDEMOVBAP</TYP>
      </RSIMP>
     </IMPORT>
     <TABLES>
      <RSTBL>
       <PARAMETER>T_MESSAGES</PARAMETER>
       <DBSTRUCT>BAPIRET2</DBSTRUCT>
      </RSTBL>
     </TABLES>
     <DOCUMENTATION>
      <RSFDO>
       <PARAMETER>I_ZSXXWFDEMOVBAK</PARAMETER>
       <KIND>P</KIND>
       <STEXT>员工调配功能数据表类型</STEXT>
       <INDEX> 001</INDEX>
      </RSFDO>
      <RSFDO>
       <PARAMETER>I_ZTTXXWFDEMOVBAP</PARAMETER>
       <KIND>P</KIND>
       <STEXT>工作流用合同行项目表类型DEMO</STEXT>
       <INDEX> 002</INDEX>
      </RSFDO>
      <RSFDO>
       <PARAMETER>T_MESSAGES</PARAMETER>
       <KIND>P</KIND>
       <STEXT>返回参数</STEXT>
       <INDEX> 003</INDEX>
      </RSFDO>
     </DOCUMENTATION>
    </item>
    <item>
     <FUNCNAME>ZXX_WF_FB_COMMIT</FUNCNAME>
     <REMOTE_CALL>R</REMOTE_CALL>
     <SHORT_TEXT>回写COMMIT</SHORT_TEXT>
    </item>
    <item>
     <FUNCNAME>ZXX_WF_FB_DEMO</FUNCNAME>
     <REMOTE_CALL>R</REMOTE_CALL>
     <SHORT_TEXT>工作流回写样例</SHORT_TEXT>
     <IMPORT>
      <RSIMP>
       <PARAMETER>I_TPL_NO</PARAMETER>
       <OPTIONAL>X</OPTIONAL>
       <TYP>ZTXX_WF_TEMPLATE-TPL_NO</TYP>
      </RSIMP>
      <RSIMP>
       <PARAMETER>I_FLOW_GUID</PARAMETER>
       <OPTIONAL>X</OPTIONAL>
       <TYP>ZTXX_WF_FLOW-FLOW_GUID</TYP>
      </RSIMP>
      <RSIMP>
       <PARAMETER>I_REL_DOCTYPE</PARAMETER>
       <OPTIONAL>X</OPTIONAL>
       <TYP>ZTXX_WF_FLOW-FLOW_REL_DOCTYPE</TYP>
      </RSIMP>
      <RSIMP>
       <PARAMETER>I_REL_DOCNO</PARAMETER>
       <OPTIONAL>X</OPTIONAL>
       <TYP>ZTXX_WF_FLOW-FLOW_REL_DOCNO</TYP>
      </RSIMP>
      <RSIMP>
       <PARAMETER>I_ACTION</PARAMETER>
       <OPTIONAL>X</OPTIONAL>
       <TYP>ZACTION</TYP>
      </RSIMP>
      <RSIMP>
       <PARAMETER>I_CUR_STEP_NO</PARAMETER>
       <OPTIONAL>X</OPTIONAL>
       <TYP>ZTXX_WF_F_STEP-STEP_NO</TYP>
      </RSIMP>
      <RSIMP>
       <PARAMETER>I_NEXT_STEP_NO</PARAMETER>
       <OPTIONAL>X</OPTIONAL>
       <TYP>ZTXX_WF_F_STEP-STEP_NO</TYP>
      </RSIMP>
      <RSIMP>
       <PARAMETER>I_FLOW_FINISH</PARAMETER>
       <OPTIONAL>X</OPTIONAL>
       <TYP>ZTXX_WF_FLOW-FLOW_FINISH</TYP>
      </RSIMP>
      <RSIMP>
       <PARAMETER>I_AGNT_PROCESS_USERID</PARAMETER>
       <OPTIONAL>X</OPTIONAL>
       <TYP>ZTXX_WF_FS_AGNT-AGNT_PROCESS_USERID</TYP>
      </RSIMP>
      <RSIMP>
       <PARAMETER>I_AGNT_REMARK</PARAMETER>
       <OPTIONAL>X</OPTIONAL>
       <TYP>ZTXX_WF_FS_AGNT-AGNT_REMARK</TYP>
      </RSIMP>
      <RSIMP>
       <PARAMETER>I_STEP_ANSWER</PARAMETER>
       <OPTIONAL>X</OPTIONAL>
       <TYP>ZTXX_WF_F_STEP-STEP_ANSWER</TYP>
      </RSIMP>
      <RSIMP>
       <PARAMETER>I_CTX_GUID</PARAMETER>
       <OPTIONAL>X</OPTIONAL>
       <TYP>ZCTX_GUID</TYP>
      </RSIMP>
     </IMPORT>
     <TABLES>
      <RSTBL>
       <PARAMETER>T_MESSAGES</PARAMETER>
       <DBSTRUCT>BAPIRET2</DBSTRUCT>
      </RSTBL>
     </TABLES>
     <DOCUMENTATION>
      <RSFDO>
       <PARAMETER>I_TPL_NO</PARAMETER>
       <KIND>P</KIND>
       <STEXT>审批模板编号</STEXT>
       <INDEX> 001</INDEX>
      </RSFDO>
      <RSFDO>
       <PARAMETER>I_FLOW_GUID</PARAMETER>
       <KIND>P</KIND>
       <STEXT>flow唯一标识</STEXT>
       <INDEX> 002</INDEX>
      </RSFDO>
      <RSFDO>
       <PARAMETER>I_REL_DOCTYPE</PARAMETER>
       <KIND>P</KIND>
       <STEXT>关联文档类型</STEXT>
       <INDEX> 003</INDEX>
      </RSFDO>
      <RSFDO>
       <PARAMETER>I_REL_DOCNO</PARAMETER>
       <KIND>P</KIND>
       <STEXT>关联文档号码</STEXT>
       <INDEX> 004</INDEX>
      </RSFDO>
      <RSFDO>
       <PARAMETER>I_ACTION</PARAMETER>
       <KIND>P</KIND>
       <STEXT>审批动作类型</STEXT>
       <INDEX> 005</INDEX>
      </RSFDO>
      <RSFDO>
       <PARAMETER>I_CUR_STEP_NO</PARAMETER>
       <KIND>P</KIND>
       <STEXT>当前审批步骤号</STEXT>
       <INDEX> 006</INDEX>
      </RSFDO>
      <RSFDO>
       <PARAMETER>I_NEXT_STEP_NO</PARAMETER>
       <KIND>P</KIND>
       <STEXT>下一审批步骤号</STEXT>
       <INDEX> 007</INDEX>
      </RSFDO>
      <RSFDO>
       <PARAMETER>I_FLOW_FINISH</PARAMETER>
       <KIND>P</KIND>
       <STEXT>结束标识</STEXT>
       <INDEX> 008</INDEX>
      </RSFDO>
      <RSFDO>
       <PARAMETER>I_AGNT_PROCESS_USERID</PARAMETER>
       <KIND>P</KIND>
       <STEXT>实际处理人</STEXT>
       <INDEX> 009</INDEX>
      </RSFDO>
      <RSFDO>
       <PARAMETER>I_AGNT_REMARK</PARAMETER>
       <KIND>P</KIND>
       <STEXT>批注</STEXT>
       <INDEX> 010</INDEX>
      </RSFDO>
      <RSFDO>
       <PARAMETER>I_STEP_ANSWER</PARAMETER>
       <KIND>P</KIND>
       <STEXT>决策问题答案(Y/N)</STEXT>
       <INDEX> 011</INDEX>
      </RSFDO>
      <RSFDO>
       <PARAMETER>I_CTX_GUID</PARAMETER>
       <KIND>P</KIND>
       <STEXT>上下文GUID</STEXT>
       <INDEX> 012</INDEX>
      </RSFDO>
      <RSFDO>
       <PARAMETER>T_MESSAGES</PARAMETER>
       <KIND>P</KIND>
       <STEXT>返回参数</STEXT>
       <INDEX> 013</INDEX>
      </RSFDO>
     </DOCUMENTATION>
    </item>
    <item>
     <FUNCNAME>ZXX_WF_GETAGNT_DEMO</FUNCNAME>
     <SHORT_TEXT>AGENT成立条件样例</SHORT_TEXT>
     <IMPORT>
      <RSIMP>
       <PARAMETER>I_TPL_NO</PARAMETER>
       <OPTIONAL>X</OPTIONAL>
       <TYP>ZTXX_WF_FLOW-TPL_NO</TYP>
      </RSIMP>
      <RSIMP>
       <PARAMETER>I_FLOW_GUID</PARAMETER>
       <OPTIONAL>X</OPTIONAL>
       <TYP>ZTXX_WF_FLOW-FLOW_GUID</TYP>
      </RSIMP>
      <RSIMP>
       <PARAMETER>I_REL_DOCTYPE</PARAMETER>
       <OPTIONAL>X</OPTIONAL>
       <TYP>ZTXX_WF_FLOW-FLOW_REL_DOCTYPE</TYP>
      </RSIMP>
      <RSIMP>
       <PARAMETER>I_REL_DOCNO</PARAMETER>
       <OPTIONAL>X</OPTIONAL>
       <TYP>ZTXX_WF_FLOW-FLOW_REL_DOCNO</TYP>
      </RSIMP>
      <RSIMP>
       <PARAMETER>I_REL_USERID</PARAMETER>
       <OPTIONAL>X</OPTIONAL>
       <TYP>ZTXX_WF_FLOW-FLOW_REL_USERID</TYP>
      </RSIMP>
      <RSIMP>
       <PARAMETER>I_AGNT_USERID</PARAMETER>
       <OPTIONAL>X</OPTIONAL>
       <TYP>ZTXX_WF_FS_AGNT-AGNT_USER_ID</TYP>
      </RSIMP>
      <RSIMP>
       <PARAMETER>I_STEP_NO</PARAMETER>
       <OPTIONAL>X</OPTIONAL>
       <TYP>ZTXX_WF_F_STEP-STEP_NO</TYP>
      </RSIMP>
      <RSIMP>
       <PARAMETER>I_AGNT_NO</PARAMETER>
       <OPTIONAL>X</OPTIONAL>
       <TYP>ZTXX_WF_TS_AGNT-TSAGNT_NO</TYP>
      </RSIMP>
      <RSIMP>
       <PARAMETER>I_CTX_GUID</PARAMETER>
       <OPTIONAL>X</OPTIONAL>
       <TYP>ZCTX_GUID</TYP>
      </RSIMP>
      <RSIMP>
       <PARAMETER>I_EXPAND</PARAMETER>
       <OPTIONAL>X</OPTIONAL>
       <TYP>CHAR01</TYP>
      </RSIMP>
      <RSIMP>
       <PARAMETER>I_RFCDEST</PARAMETER>
       <OPTIONAL>X</OPTIONAL>
       <TYP>RFCDEST</TYP>
      </RSIMP>
      <RSIMP>
       <PARAMETER>I_COND_PARA1</PARAMETER>
       <OPTIONAL>X</OPTIONAL>
       <TYP>ZFB_PARA1</TYP>
      </RSIMP>
      <RSIMP>
       <PARAMETER>I_COND_PARA2</PARAMETER>
       <OPTIONAL>X</OPTIONAL>
       <TYP>ZFB_PARA2</TYP>
      </RSIMP>
      <RSIMP>
       <PARAMETER>I_COND_PARA3</PARAMETER>
       <OPTIONAL>X</OPTIONAL>
       <TYP>ZFB_PARA3</TYP>
      </RSIMP>
      <RSIMP>
       <PARAMETER>I_COND_PARA4</PARAMETER>
       <OPTIONAL>X</OPTIONAL>
       <TYP>ZFB_PARA4</TYP>
      </RSIMP>
     </IMPORT>
     <EXPORT>
      <RSEXP>
       <PARAMETER>E_PERNR</PARAMETER>
       <REFERENCE>X</REFERENCE>
       <TYP>ZTTPERNR</TYP>
      </RSEXP>
     </EXPORT>
     <TABLES>
      <RSTBL>
       <PARAMETER>T_MESSAGES</PARAMETER>
       <DBSTRUCT>BAPIRET2</DBSTRUCT>
      </RSTBL>
     </TABLES>
     <DOCUMENTATION>
      <RSFDO>
       <PARAMETER>I_TPL_NO</PARAMETER>
       <KIND>P</KIND>
       <STEXT>审批模板编号</STEXT>
       <INDEX> 001</INDEX>
      </RSFDO>
      <RSFDO>
       <PARAMETER>I_FLOW_GUID</PARAMETER>
       <KIND>P</KIND>
       <STEXT>flow唯一标识</STEXT>
       <INDEX> 002</INDEX>
      </RSFDO>
      <RSFDO>
       <PARAMETER>I_REL_DOCTYPE</PARAMETER>
       <KIND>P</KIND>
       <STEXT>关联文档类型</STEXT>
       <INDEX> 003</INDEX>
      </RSFDO>
      <RSFDO>
       <PARAMETER>I_REL_DOCNO</PARAMETER>
       <KIND>P</KIND>
       <STEXT>关联文档号码</STEXT>
       <INDEX> 004</INDEX>
      </RSFDO>
      <RSFDO>
       <PARAMETER>I_REL_USERID</PARAMETER>
       <KIND>P</KIND>
       <STEXT>当事人</STEXT>
       <INDEX> 005</INDEX>
      </RSFDO>
      <RSFDO>
       <PARAMETER>I_AGNT_USERID</PARAMETER>
       <KIND>P</KIND>
       <STEXT>审批步骤对应人</STEXT>
       <INDEX> 006</INDEX>
      </RSFDO>
      <RSFDO>
       <PARAMETER>I_STEP_NO</PARAMETER>
       <KIND>P</KIND>
       <STEXT>审批步骤</STEXT>
       <INDEX> 007</INDEX>
      </RSFDO>
      <RSFDO>
       <PARAMETER>I_AGNT_NO</PARAMETER>
       <KIND>P</KIND>
       <STEXT>审批对象序号</STEXT>
       <INDEX> 008</INDEX>
      </RSFDO>
      <RSFDO>
       <PARAMETER>I_CTX_GUID</PARAMETER>
       <KIND>P</KIND>
       <STEXT>上下文GUID</STEXT>
       <INDEX> 009</INDEX>
      </RSFDO>
      <RSFDO>
       <PARAMETER>I_EXPAND</PARAMETER>
       <KIND>P</KIND>
       <STEXT>展开标识(X)</STEXT>
       <INDEX> 010</INDEX>
      </RSFDO>
      <RSFDO>
       <PARAMETER>I_RFCDEST</PARAMETER>
       <KIND>P</KIND>
       <STEXT>逻辑目标（在函数调用中指定）</STEXT>
       <INDEX> 011</INDEX>
      </RSFDO>
      <RSFDO>
       <PARAMETER>I_COND_PARA1</PARAMETER>
       <KIND>P</KIND>
       <STEXT>参数1</STEXT>
       <INDEX> 012</INDEX>
      </RSFDO>
      <RSFDO>
       <PARAMETER>I_COND_PARA2</PARAMETER>
       <KIND>P</KIND>
       <STEXT>参数2</STEXT>
       <INDEX> 013</INDEX>
      </RSFDO>
      <RSFDO>
       <PARAMETER>I_COND_PARA3</PARAMETER>
       <KIND>P</KIND>
       <STEXT>参数3</STEXT>
       <INDEX> 014</INDEX>
      </RSFDO>
      <RSFDO>
       <PARAMETER>I_COND_PARA4</PARAMETER>
       <KIND>P</KIND>
       <STEXT>参数4</STEXT>
       <INDEX> 015</INDEX>
      </RSFDO>
      <RSFDO>
       <PARAMETER>E_PERNR</PARAMETER>
       <KIND>P</KIND>
       <STEXT>员工编号</STEXT>
       <INDEX> 016</INDEX>
      </RSFDO>
      <RSFDO>
       <PARAMETER>T_MESSAGES</PARAMETER>
       <KIND>P</KIND>
       <STEXT>返回参数</STEXT>
       <INDEX> 017</INDEX>
      </RSFDO>
     </DOCUMENTATION>
    </item>
    <item>
     <FUNCNAME>ZXX_WF_READCONTENT_DEMO</FUNCNAME>
     <SHORT_TEXT>工作流业务内容读取样例</SHORT_TEXT>
     <IMPORT>
      <RSIMP>
       <PARAMETER>I_TPL_NO</PARAMETER>
       <OPTIONAL>X</OPTIONAL>
       <TYP>ZTXX_WF_FLOW-TPL_NO</TYP>
      </RSIMP>
      <RSIMP>
       <PARAMETER>I_FLOW_GUID</PARAMETER>
       <OPTIONAL>X</OPTIONAL>
       <TYP>ZTXX_WF_FLOW-FLOW_GUID</TYP>
      </RSIMP>
      <RSIMP>
       <PARAMETER>I_REL_DOCTYPE</PARAMETER>
       <OPTIONAL>X</OPTIONAL>
       <TYP>ZTXX_WF_FLOW-FLOW_REL_DOCTYPE</TYP>
      </RSIMP>
      <RSIMP>
       <PARAMETER>I_REL_DOCNO</PARAMETER>
       <OPTIONAL>X</OPTIONAL>
       <TYP>ZTXX_WF_FLOW-FLOW_REL_DOCNO</TYP>
      </RSIMP>
     </IMPORT>
     <EXPORT>
      <RSEXP>
       <PARAMETER>E_CONTENT</PARAMETER>
       <REFERENCE>X</REFERENCE>
       <TYP>ZSXX_CONTENT_EXPORT</TYP>
      </RSEXP>
     </EXPORT>
     <TABLES>
      <RSTBL>
       <PARAMETER>T_MESSAGES</PARAMETER>
       <DBSTRUCT>BAPIRET2</DBSTRUCT>
      </RSTBL>
     </TABLES>
     <DOCUMENTATION>
      <RSFDO>
       <PARAMETER>I_TPL_NO</PARAMETER>
       <KIND>P</KIND>
       <STEXT>审批模板编号</STEXT>
       <INDEX> 001</INDEX>
      </RSFDO>
      <RSFDO>
       <PARAMETER>I_FLOW_GUID</PARAMETER>
       <KIND>P</KIND>
       <STEXT>flow唯一标识</STEXT>
       <INDEX> 002</INDEX>
      </RSFDO>
      <RSFDO>
       <PARAMETER>I_REL_DOCTYPE</PARAMETER>
       <KIND>P</KIND>
       <STEXT>关联文档类型</STEXT>
       <INDEX> 003</INDEX>
      </RSFDO>
      <RSFDO>
       <PARAMETER>I_REL_DOCNO</PARAMETER>
       <KIND>P</KIND>
       <STEXT>关联文档号码</STEXT>
       <INDEX> 004</INDEX>
      </RSFDO>
      <RSFDO>
       <PARAMETER>E_CONTENT</PARAMETER>
       <KIND>P</KIND>
       <STEXT>业务内容</STEXT>
       <INDEX> 005</INDEX>
      </RSFDO>
      <RSFDO>
       <PARAMETER>T_MESSAGES</PARAMETER>
       <KIND>P</KIND>
       <STEXT>返回参数</STEXT>
       <INDEX> 006</INDEX>
      </RSFDO>
     </DOCUMENTATION>
    </item>
    <item>
     <FUNCNAME>ZXX_WF_STEPCOND_DEMO</FUNCNAME>
     <SHORT_TEXT>STEP成立条件样例</SHORT_TEXT>
     <IMPORT>
      <RSIMP>
       <PARAMETER>I_TPL_NO</PARAMETER>
       <OPTIONAL>X</OPTIONAL>
       <TYP>ZTXX_WF_FLOW-TPL_NO</TYP>
      </RSIMP>
      <RSIMP>
       <PARAMETER>I_FLOW_GUID</PARAMETER>
       <OPTIONAL>X</OPTIONAL>
       <TYP>ZTXX_WF_FLOW-FLOW_GUID</TYP>
      </RSIMP>
      <RSIMP>
       <PARAMETER>I_REL_DOCTYPE</PARAMETER>
       <OPTIONAL>X</OPTIONAL>
       <TYP>ZTXX_WF_FLOW-FLOW_REL_DOCTYPE</TYP>
      </RSIMP>
      <RSIMP>
       <PARAMETER>I_REL_DOCNO</PARAMETER>
       <OPTIONAL>X</OPTIONAL>
       <TYP>ZTXX_WF_FLOW-FLOW_REL_DOCNO</TYP>
      </RSIMP>
      <RSIMP>
       <PARAMETER>I_STEP_NO</PARAMETER>
       <OPTIONAL>X</OPTIONAL>
       <TYP>ZTXX_WF_F_STEP-STEP_NO</TYP>
      </RSIMP>
      <RSIMP>
       <PARAMETER>I_AGNT_USERID</PARAMETER>
       <OPTIONAL>X</OPTIONAL>
       <TYP>ZTXX_WF_FS_AGNT-AGNT_USER_ID</TYP>
      </RSIMP>
      <RSIMP>
       <PARAMETER>I_CTX_GUID</PARAMETER>
       <OPTIONAL>X</OPTIONAL>
       <TYP>ZCTX_GUID</TYP>
      </RSIMP>
      <RSIMP>
       <PARAMETER>I_EXPAND</PARAMETER>
       <OPTIONAL>X</OPTIONAL>
       <TYP>CHAR01</TYP>
      </RSIMP>
      <RSIMP>
       <PARAMETER>I_RFCDEST</PARAMETER>
       <OPTIONAL>X</OPTIONAL>
       <TYP>RFCDEST</TYP>
      </RSIMP>
      <RSIMP>
       <PARAMETER>I_COND_PARA1</PARAMETER>
       <OPTIONAL>X</OPTIONAL>
       <TYP>ZFB_PARA1</TYP>
      </RSIMP>
      <RSIMP>
       <PARAMETER>I_COND_PARA2</PARAMETER>
       <OPTIONAL>X</OPTIONAL>
       <TYP>ZFB_PARA2</TYP>
      </RSIMP>
      <RSIMP>
       <PARAMETER>I_COND_PARA3</PARAMETER>
       <OPTIONAL>X</OPTIONAL>
       <TYP>ZFB_PARA3</TYP>
      </RSIMP>
      <RSIMP>
       <PARAMETER>I_COND_PARA4</PARAMETER>
       <OPTIONAL>X</OPTIONAL>
       <TYP>ZFB_PARA4</TYP>
      </RSIMP>
     </IMPORT>
     <EXPORT>
      <RSEXP>
       <PARAMETER>E_STEP_FLAG</PARAMETER>
       <REFERENCE>X</REFERENCE>
       <TYP>CHAR01</TYP>
      </RSEXP>
     </EXPORT>
     <TABLES>
      <RSTBL>
       <PARAMETER>T_MESSAGES</PARAMETER>
       <DBSTRUCT>BAPIRET2</DBSTRUCT>
      </RSTBL>
     </TABLES>
     <DOCUMENTATION>
      <RSFDO>
       <PARAMETER>I_TPL_NO</PARAMETER>
       <KIND>P</KIND>
       <STEXT>审批模板</STEXT>
       <INDEX> 001</INDEX>
      </RSFDO>
      <RSFDO>
       <PARAMETER>I_FLOW_GUID</PARAMETER>
       <KIND>P</KIND>
       <STEXT>flow唯一标识</STEXT>
       <INDEX> 002</INDEX>
      </RSFDO>
      <RSFDO>
       <PARAMETER>I_REL_DOCTYPE</PARAMETER>
       <KIND>P</KIND>
       <STEXT>关联文档类型</STEXT>
       <INDEX> 003</INDEX>
      </RSFDO>
      <RSFDO>
       <PARAMETER>I_REL_DOCNO</PARAMETER>
       <KIND>P</KIND>
       <STEXT>关联文档号码</STEXT>
       <INDEX> 004</INDEX>
      </RSFDO>
      <RSFDO>
       <PARAMETER>I_STEP_NO</PARAMETER>
       <KIND>P</KIND>
       <STEXT>审批步骤</STEXT>
       <INDEX> 005</INDEX>
      </RSFDO>
      <RSFDO>
       <PARAMETER>I_AGNT_USERID</PARAMETER>
       <KIND>P</KIND>
       <STEXT>审批步骤对应人</STEXT>
       <INDEX> 006</INDEX>
      </RSFDO>
      <RSFDO>
       <PARAMETER>I_CTX_GUID</PARAMETER>
       <KIND>P</KIND>
       <STEXT>上下文GUID</STEXT>
       <INDEX> 007</INDEX>
      </RSFDO>
      <RSFDO>
       <PARAMETER>I_EXPAND</PARAMETER>
       <KIND>P</KIND>
       <STEXT>展开标识(X)</STEXT>
       <INDEX> 008</INDEX>
      </RSFDO>
      <RSFDO>
       <PARAMETER>I_RFCDEST</PARAMETER>
       <KIND>P</KIND>
       <STEXT>逻辑目标（在函数调用中指定）</STEXT>
       <INDEX> 009</INDEX>
      </RSFDO>
      <RSFDO>
       <PARAMETER>I_COND_PARA1</PARAMETER>
       <KIND>P</KIND>
       <STEXT>参数1</STEXT>
       <INDEX> 010</INDEX>
      </RSFDO>
      <RSFDO>
       <PARAMETER>I_COND_PARA2</PARAMETER>
       <KIND>P</KIND>
       <STEXT>参数2</STEXT>
       <INDEX> 011</INDEX>
      </RSFDO>
      <RSFDO>
       <PARAMETER>I_COND_PARA3</PARAMETER>
       <KIND>P</KIND>
       <STEXT>参数3</STEXT>
       <INDEX> 012</INDEX>
      </RSFDO>
      <RSFDO>
       <PARAMETER>I_COND_PARA4</PARAMETER>
       <KIND>P</KIND>
       <STEXT>参数4</STEXT>
       <INDEX> 013</INDEX>
      </RSFDO>
      <RSFDO>
       <PARAMETER>E_STEP_FLAG</PARAMETER>
       <KIND>P</KIND>
       <STEXT>X生效，其他不生效</STEXT>
       <INDEX> 014</INDEX>
      </RSFDO>
      <RSFDO>
       <PARAMETER>T_MESSAGES</PARAMETER>
       <KIND>P</KIND>
       <STEXT>返回参数</STEXT>
       <INDEX> 015</INDEX>
      </RSFDO>
     </DOCUMENTATION>
    </item>
   </FUNCTIONS>
  </asx:values>
 </asx:abap>
</abapGit>
