﻿<?xml version="1.0" encoding="utf-8"?>
<abapGit version="v1.0.0" serializer="LCL_OBJECT_MSAG" serializer_version="v1.0.0">
 <asx:abap xmlns:asx="http://www.sap.com/abapxml" version="1.0">
  <asx:values>
   <T100A>
    <ARBGB>ZXXWFDEMO</ARBGB>
    <MASTERLANG>1</MASTERLANG>
    <STEXT>工作流增强DEMO</STEXT>
   </T100A>
   <T100>
    <T100>
     <SPRSL>1</SPRSL>
     <ARBGB>ZXXWFDEMO</ARBGB>
     <MSGNR>000</MSGNR>
     <TEXT>休假申请&amp;1不存在！</TEXT>
    </T100>
    <T100>
     <SPRSL>1</SPRSL>
     <ARBGB>ZXXWFDEMO</ARBGB>
     <MSGNR>001</MSGNR>
     <TEXT>更新表&amp;失败，请联系管理员！</TEXT>
    </T100>
    <T100>
     <SPRSL>1</SPRSL>
     <ARBGB>ZXXWFDEMO</ARBGB>
     <MSGNR>002</MSGNR>
     <TEXT>销售订单&amp;1不存在！</TEXT>
    </T100>
    <T100>
     <SPRSL>1</SPRSL>
     <ARBGB>ZXXWFDEMO</ARBGB>
     <MSGNR>003</MSGNR>
     <TEXT>&amp;1/&amp;2:获取不到相应的业务信息！</TEXT>
    </T100>
    <T100>
     <SPRSL>1</SPRSL>
     <ARBGB>ZXXWFDEMO</ARBGB>
     <MSGNR>004</MSGNR>
     <TEXT>保存上下文信息失败!</TEXT>
    </T100>
   </T100>
  </asx:values>
 </asx:abap>
</abapGit>
